0,0,0.1,0.1,0.1,1,1,1
1,1,0.1,0.1,0.1,1,1,1
2,2,0.1,0.1,0.1,1,1,1
3,3,0.1,0.1,0.1,1,1,1
4,4,0.1,0.1,0.1,1,1,1
5,5,0.1,0.1,0.1,1,1,1
6,5,0.1,0.1,0.1,1,1,1
7,7,0.1,0.1,0.1,1,1,1
8,8,0.1,0.1,0.1,1,1,1
9,9,0.1,0.1,0.1,1,1,1
10,10,0.1,0.1,0.1,1,1,1
11,10,0.1,0.1,0.1,1,1,1
12,12,0.1,0.1,0.1,1,1,1
13,13,0.1,0.1,0.1,1,1,1
14,14,0.1,0.1,0.1,1,1,1
15,15,0.1,0.1,0.1,1,1,1
16,16,0.1,0.1,0.1,1,1,1
17,17,0.1,0.1,0.1,1,1,1
18,18,0.1,0.1,0.1,1,1,1
19,19,0.1,0.1,0.1,1,1,1
20,20,0.1,0.1,0.1,1,1,1
21,20,0.1,0.1,0.1,1,1,1
22,22,0.1,0.1,0.1,1,1,1
23,22,0.1,0.1,0.1,1,1,1
24,24,0.1,0.1,0.1,1,1,1
25,25,0.1,0.1,0.1,1,1,1
26,26,0.1,0.1,0.1,1,1,1
27,27,0.1,0.1,0.1,1,1,1
28,27,0.1,0.1,0.1,1,1,1
29,29,0.1,0.1,0.1,1,1,1
30,30,0.1,0.1,0.1,1,1,1
31,31,0.1,0.1,0.1,1,1,1
32,32,0.1,0.1,0.1,1,1,1
33,32,0.1,0.1,0.1,1,1,1
34,34,0.1,0.1,0.1,1,1,1
35,34,0.1,0.1,0.1,1,1,1
36,35,0.1,0.1,0.1,1,1,1
37,37,0.1,0.1,0.1,1,1,1
38,38,0.1,0.1,0.1,1,1,1
39,38,0.1,0.1,0.1,1,1,1
40,40,0.1,0.1,0.1,1,1,1
41,41,0.1,0.1,0.1,1,1,1
42,42,0.1,0.1,0.1,1,1,1
43,43,0.1,0.1,0.1,1,1,1
44,43,0.1,0.1,0.1,1,1,1
45,45,0.1,0.1,0.1,1,1,1
46,44,0.1,0.1,0.1,1,1,1
47,46,0.1,0.1,0.1,1,1,1
48,44,0.1,0.1,0.1,1,1,1
49,47,0.1,0.1,0.1,1,1,1
50,45,0.1,0.1,0.1,1,1,1
51,43,0.1,0.1,0.1,1,1,1
52,51,0.1,0.1,0.1,1,1,1
53,45,0.1,0.1,0.1,1,1,1
54,45,0.1,0.1,0.1,1,1,1
55,47,0.1,0.1,0.1,1,1,1
56,48,0.1,0.1,0.1,1,1,1
57,49,0.1,0.1,0.1,1,1,1
58,47,0.1,0.1,0.1,1,1,1
59,48,0.1,0.1,0.1,1,1,1
60,49,0.1,0.1,0.1,1,1,1
61,42,0.1,0.1,0.1,1,1,1
62,42,0.1,0.1,0.1,1,1,1
63,44,0.1,0.1,0.1,1,1,1
64,41,0.1,0.1,0.1,1,1,1
65,44,0.1,0.1,0.1,1,1,1
66,49,0.1,0.1,0.1,1,1,1
67,53,0.1,0.1,0.1,1,1,1
68,48,0.1,0.1,0.1,1,1,1
69,44,0.1,0.1,0.1,1,1,1
70,48,0.1,0.1,0.1,1,1,1
71,47,0.1,0.1,0.1,1,1,1
72,46,0.1,0.1,0.1,1,1,1
73,48,0.1,0.1,0.1,1,1,1
74,47,0.1,0.1,0.1,1,1,1
75,41,0.1,0.1,0.1,1,1,1
76,42,0.1,0.1,0.1,1,1,1
77,44,0.1,0.1,0.1,1,1,1
78,46,0.1,0.1,0.1,1,1,1
79,45,0.1,0.1,0.1,1,1,1
80,48,0.1,0.1,0.1,1,1,1
81,51,0.1,0.1,0.1,1,1,1
82,46,0.1,0.1,0.1,1,1,1
83,47,0.1,0.1,0.1,1,1,1
84,47,0.1,0.1,0.1,1,1,1
85,48,0.1,0.1,0.1,1,1,1
86,43,0.1,0.1,0.1,1,1,1
87,44,0.1,0.1,0.1,1,1,1
88,44,0.1,0.1,0.1,1,1,1
89,45,0.1,0.1,0.1,1,1,1
90,46,0.1,0.1,0.1,1,1,1
91,47,0.1,0.1,0.1,1,1,1
92,44,0.1,0.1,0.1,1,1,1
93,48,0.1,0.1,0.1,1,1,1
94,47,0.1,0.1,0.1,1,1,1
95,42,0.1,0.1,0.1,1,1,1
96,46,0.1,0.1,0.1,1,1,1
97,43,0.1,0.1,0.1,1,1,1
98,43,0.1,0.1,0.1,1,1,1
99,49,0.1,0.1,0.1,1,1,1
100,45,0.1,0.1,0.1,1,1,1
101,48,0.1,0.1,0.1,1,1,1
102,52,0.1,0.1,0.1,1,1,1
103,44,0.1,0.1,0.1,1,1,1
104,48,0.1,0.1,0.1,1,1,1
105,46,0.1,0.1,0.1,1,1,1
106,43,0.1,0.1,0.1,1,1,1
107,49,0.1,0.1,0.1,1,1,1
108,49,0.1,0.1,0.1,1,1,1
109,46,0.1,0.1,0.1,1,1,1
110,45,0.1,0.1,0.1,1,1,1
111,44,0.1,0.1,0.1,1,1,1
112,47,0.1,0.1,0.1,1,1,1
113,45,0.1,0.1,0.1,1,1,1
114,48,0.1,0.1,0.1,1,1,1
115,46,0.1,0.1,0.1,1,1,1
116,50,0.1,0.1,0.1,1,1,1
117,51,0.1,0.1,0.1,1,1,1
118,47,0.1,0.1,0.1,1,1,1
119,46,0.1,0.1,0.1,1,1,1
120,42,0.1,0.1,0.1,1,1,1
121,49,0.1,0.1,0.1,1,1,1
122,44,0.1,0.1,0.1,1,1,1
123,50,0.1,0.1,0.1,1,1,1
124,44,0.1,0.1,0.1,1,1,1
125,46,0.1,0.1,0.1,1,1,1
126,48,0.1,0.1,0.1,1,1,1
127,44,0.1,0.1,0.1,1,1,1
128,52,0.1,0.1,0.1,1,1,1
129,46,0.1,0.1,0.1,1,1,1
130,42,0.1,0.1,0.1,1,1,1
131,44,0.1,0.1,0.1,1,1,1
132,48,0.1,0.1,0.1,1,1,1
133,46,0.1,0.1,0.1,1,1,1
134,45,0.1,0.1,0.1,1,1,1
135,46,0.1,0.1,0.1,1,1,1
136,49,0.1,0.1,0.1,1,1,1
137,48,0.1,0.1,0.1,1,1,1
138,51,0.1,0.1,0.1,1,1,1
139,50,0.1,0.1,0.1,1,1,1
140,44,0.1,0.1,0.1,1,1,1
141,42,0.1,0.1,0.1,1,1,1
142,45,0.1,0.1,0.1,1,1,1
143,46,0.1,0.1,0.1,1,1,1
144,44,0.1,0.1,0.1,1,1,1
145,47,0.1,0.1,0.1,1,1,1
146,44,0.1,0.1,0.1,1,1,1
147,47,0.1,0.1,0.1,1,1,1
148,45,0.1,0.1,0.1,1,1,1
149,47,0.1,0.1,0.1,1,1,1
150,45,0.1,0.1,0.1,1,1,1
151,47,0.1,0.1,0.1,1,1,1
152,41,0.1,0.1,0.1,1,1,1
153,49,0.1,0.1,0.1,1,1,1
154,43,0.1,0.1,0.1,1,1,1
155,49,0.1,0.1,0.1,1,1,1
156,39,0.1,0.1,0.1,1,1,1
157,42,0.1,0.1,0.1,1,1,1
158,40,0.1,0.1,0.1,1,1,1
159,40,0.1,0.1,0.1,1,1,1
160,40,0.1,0.1,0.1,1,1,1
161,41,0.1,0.1,0.1,1,1,1
162,45,0.1,0.1,0.1,1,1,1
163,43,0.1,0.1,0.1,1,1,1
164,44,0.1,0.1,0.1,1,1,1
165,45,0.1,0.1,0.1,1,1,1
166,50,0.1,0.1,0.1,1,1,1
167,47,0.1,0.1,0.1,1,1,1
168,49,0.1,0.1,0.1,1,1,1
169,50,0.1,0.1,0.1,1,1,1
170,50,0.1,0.1,0.1,1,1,1
171,51,0.1,0.1,0.1,1,1,1
172,52,0.1,0.1,0.1,1,1,1
173,53,0.1,0.1,0.1,1,1,1
174,54,0.1,0.1,0.1,1,1,1
175,55,0.1,0.1,0.1,1,1,1
176,56,0.1,0.1,0.1,1,1,1
177,57,0.1,0.1,0.1,1,1,1
178,58,0.1,0.1,0.1,1,1,1
179,59,0.1,0.1,0.1,1,1,1
180,60,0.1,0.1,0.1,1,1,1
181,61,0.1,0.1,0.1,1,1,1
182,62,0.1,0.1,0.1,1,1,1
183,63,0.1,0.1,0.1,1,1,1
184,64,0.1,0.1,0.1,1,1,1
185,65,0.1,0.1,0.1,1,1,1
186,66,0.1,0.1,0.1,1,1,1
187,67,0.1,0.1,0.1,1,1,1
188,68,0.1,0.1,0.1,1,1,1
189,69,0.1,0.1,0.1,1,1,1
190,70,0.1,0.1,0.1,1,1,1
191,71,0.1,0.1,0.1,1,1,1
192,72,0.1,0.1,0.1,1,1,1
193,73,0.1,0.1,0.1,1,1,1
194,74,0.1,0.1,0.1,1,1,1
195,77,0.1,0.1,0.1,1,1,1
196,76,0.1,0.1,0.1,1,1,1
197,77,0.1,0.1,0.1,1,1,1
198,78,0.1,0.1,0.1,1,1,1
199,79,0.1,0.1,0.1,1,1,1
200,80,0.1,0.1,0.1,1,1,1
0,0,0.5,0.1,0.1,1,1,2
1,1,0.5,0.1,0.1,1,1,2
2,2,0.5,0.1,0.1,1,1,2
3,3,0.5,0.1,0.1,1,1,2
4,4,0.5,0.1,0.1,1,1,2
5,5,0.5,0.1,0.1,1,1,2
6,6,0.5,0.1,0.1,1,1,2
7,7,0.5,0.1,0.1,1,1,2
8,8,0.5,0.1,0.1,1,1,2
9,9,0.5,0.1,0.1,1,1,2
10,10,0.5,0.1,0.1,1,1,2
11,11,0.5,0.1,0.1,1,1,2
12,12,0.5,0.1,0.1,1,1,2
13,13,0.5,0.1,0.1,1,1,2
14,14,0.5,0.1,0.1,1,1,2
15,15,0.5,0.1,0.1,1,1,2
16,16,0.5,0.1,0.1,1,1,2
17,17,0.5,0.1,0.1,1,1,2
18,18,0.5,0.1,0.1,1,1,2
19,19,0.5,0.1,0.1,1,1,2
20,20,0.5,0.1,0.1,1,1,2
21,21,0.5,0.1,0.1,1,1,2
22,22,0.5,0.1,0.1,1,1,2
23,23,0.5,0.1,0.1,1,1,2
24,24,0.5,0.1,0.1,1,1,2
25,25,0.5,0.1,0.1,1,1,2
26,26,0.5,0.1,0.1,1,1,2
27,26,0.5,0.1,0.1,1,1,2
28,28,0.5,0.1,0.1,1,1,2
29,29,0.5,0.1,0.1,1,1,2
30,30,0.5,0.1,0.1,1,1,2
31,31,0.5,0.1,0.1,1,1,2
32,32,0.5,0.1,0.1,1,1,2
33,33,0.5,0.1,0.1,1,1,2
34,34,0.5,0.1,0.1,1,1,2
35,34,0.5,0.1,0.1,1,1,2
36,36,0.5,0.1,0.1,1,1,2
37,36,0.5,0.1,0.1,1,1,2
38,38,0.5,0.1,0.1,1,1,2
39,39,0.5,0.1,0.1,1,1,2
40,39,0.5,0.1,0.1,1,1,2
41,41,0.5,0.1,0.1,1,1,2
42,42,0.5,0.1,0.1,1,1,2
43,43,0.5,0.1,0.1,1,1,2
44,42,0.5,0.1,0.1,1,1,2
45,43,0.5,0.1,0.1,1,1,2
46,46,0.5,0.1,0.1,1,1,2
47,46,0.5,0.1,0.1,1,1,2
48,45,0.5,0.1,0.1,1,1,2
49,47,0.5,0.1,0.1,1,1,2
50,44,0.5,0.1,0.1,1,1,2
51,46,0.5,0.1,0.1,1,1,2
52,51,0.5,0.1,0.1,1,1,2
53,48,0.5,0.1,0.1,1,1,2
54,44,0.5,0.1,0.1,1,1,2
55,47,0.5,0.1,0.1,1,1,2
56,46,0.5,0.1,0.1,1,1,2
57,47,0.5,0.1,0.1,1,1,2
58,48,0.5,0.1,0.1,1,1,2
59,49,0.5,0.1,0.1,1,1,2
60,50,0.5,0.1,0.1,1,1,2
61,51,0.5,0.1,0.1,1,1,2
62,46,0.5,0.1,0.1,1,1,2
63,49,0.5,0.1,0.1,1,1,2
64,47,0.5,0.1,0.1,1,1,2
65,48,0.5,0.1,0.1,1,1,2
66,47,0.5,0.1,0.1,1,1,2
67,51,0.5,0.1,0.1,1,1,2
68,46,0.5,0.1,0.1,1,1,2
69,49,0.5,0.1,0.1,1,1,2
70,48,0.5,0.1,0.1,1,1,2
71,48,0.5,0.1,0.1,1,1,2
72,48,0.5,0.1,0.1,1,1,2
73,46,0.5,0.1,0.1,1,1,2
74,46,0.5,0.1,0.1,1,1,2
75,50,0.5,0.1,0.1,1,1,2
76,50,0.5,0.1,0.1,1,1,2
77,48,0.5,0.1,0.1,1,1,2
78,45,0.5,0.1,0.1,1,1,2
79,45,0.5,0.1,0.1,1,1,2
80,46,0.5,0.1,0.1,1,1,2
81,50,0.5,0.1,0.1,1,1,2
82,51,0.5,0.1,0.1,1,1,2
83,45,0.5,0.1,0.1,1,1,2
84,46,0.5,0.1,0.1,1,1,2
85,45,0.5,0.1,0.1,1,1,2
86,46,0.5,0.1,0.1,1,1,2
87,52,0.5,0.1,0.1,1,1,2
88,47,0.5,0.1,0.1,1,1,2
89,45,0.5,0.1,0.1,1,1,2
90,48,0.5,0.1,0.1,1,1,2
91,45,0.5,0.1,0.1,1,1,2
92,44,0.5,0.1,0.1,1,1,2
93,51,0.5,0.1,0.1,1,1,2
94,46,0.5,0.1,0.1,1,1,2
95,48,0.5,0.1,0.1,1,1,2
96,45,0.5,0.1,0.1,1,1,2
97,46,0.5,0.1,0.1,1,1,2
98,49,0.5,0.1,0.1,1,1,2
99,46,0.5,0.1,0.1,1,1,2
100,45,0.5,0.1,0.1,1,1,2
101,46,0.5,0.1,0.1,1,1,2
102,46,0.5,0.1,0.1,1,1,2
103,49,0.5,0.1,0.1,1,1,2
104,46,0.5,0.1,0.1,1,1,2
105,46,0.5,0.1,0.1,1,1,2
106,45,0.5,0.1,0.1,1,1,2
107,46,0.5,0.1,0.1,1,1,2
108,44,0.5,0.1,0.1,1,1,2
109,46,0.5,0.1,0.1,1,1,2
110,49,0.5,0.1,0.1,1,1,2
111,44,0.5,0.1,0.1,1,1,2
112,47,0.5,0.1,0.1,1,1,2
113,45,0.5,0.1,0.1,1,1,2
114,48,0.5,0.1,0.1,1,1,2
115,46,0.5,0.1,0.1,1,1,2
116,51,0.5,0.1,0.1,1,1,2
117,46,0.5,0.1,0.1,1,1,2
118,46,0.5,0.1,0.1,1,1,2
119,46,0.5,0.1,0.1,1,1,2
120,45,0.5,0.1,0.1,1,1,2
121,50,0.5,0.1,0.1,1,1,2
122,49,0.5,0.1,0.1,1,1,2
123,53,0.5,0.1,0.1,1,1,2
124,48,0.5,0.1,0.1,1,1,2
125,46,0.5,0.1,0.1,1,1,2
126,50,0.5,0.1,0.1,1,1,2
127,50,0.5,0.1,0.1,1,1,2
128,46,0.5,0.1,0.1,1,1,2
129,46,0.5,0.1,0.1,1,1,2
130,50,0.5,0.1,0.1,1,1,2
131,44,0.5,0.1,0.1,1,1,2
132,48,0.5,0.1,0.1,1,1,2
133,46,0.5,0.1,0.1,1,1,2
134,48,0.5,0.1,0.1,1,1,2
135,46,0.5,0.1,0.1,1,1,2
136,48,0.5,0.1,0.1,1,1,2
137,47,0.5,0.1,0.1,1,1,2
138,49,0.5,0.1,0.1,1,1,2
139,48,0.5,0.1,0.1,1,1,2
140,43,0.5,0.1,0.1,1,1,2
141,49,0.5,0.1,0.1,1,1,2
142,46,0.5,0.1,0.1,1,1,2
143,46,0.5,0.1,0.1,1,1,2
144,44,0.5,0.1,0.1,1,1,2
145,50,0.5,0.1,0.1,1,1,2
146,45,0.5,0.1,0.1,1,1,2
147,49,0.5,0.1,0.1,1,1,2
148,44,0.5,0.1,0.1,1,1,2
149,48,0.5,0.1,0.1,1,1,2
150,43,0.5,0.1,0.1,1,1,2
151,47,0.5,0.1,0.1,1,1,2
152,40,0.5,0.1,0.1,1,1,2
153,39,0.5,0.1,0.1,1,1,2
154,48,0.5,0.1,0.1,1,1,2
155,47,0.5,0.1,0.1,1,1,2
156,47,0.5,0.1,0.1,1,1,2
157,42,0.5,0.1,0.1,1,1,2
158,42,0.5,0.1,0.1,1,1,2
159,39,0.5,0.1,0.1,1,1,2
160,40,0.5,0.1,0.1,1,1,2
161,41,0.5,0.1,0.1,1,1,2
162,44,0.5,0.1,0.1,1,1,2
163,44,0.5,0.1,0.1,1,1,2
164,45,0.5,0.1,0.1,1,1,2
165,45,0.5,0.1,0.1,1,1,2
166,48,0.5,0.1,0.1,1,1,2
167,48,0.5,0.1,0.1,1,1,2
168,48,0.5,0.1,0.1,1,1,2
169,50,0.5,0.1,0.1,1,1,2
170,50,0.5,0.1,0.1,1,1,2
171,51,0.5,0.1,0.1,1,1,2
172,53,0.5,0.1,0.1,1,1,2
173,55,0.5,0.1,0.1,1,1,2
174,54,0.5,0.1,0.1,1,1,2
175,55,0.5,0.1,0.1,1,1,2
176,57,0.5,0.1,0.1,1,1,2
177,58,0.5,0.1,0.1,1,1,2
178,59,0.5,0.1,0.1,1,1,2
179,59,0.5,0.1,0.1,1,1,2
180,60,0.5,0.1,0.1,1,1,2
181,61,0.5,0.1,0.1,1,1,2
182,62,0.5,0.1,0.1,1,1,2
183,63,0.5,0.1,0.1,1,1,2
184,65,0.5,0.1,0.1,1,1,2
185,65,0.5,0.1,0.1,1,1,2
186,66,0.5,0.1,0.1,1,1,2
187,67,0.5,0.1,0.1,1,1,2
188,68,0.5,0.1,0.1,1,1,2
189,69,0.5,0.1,0.1,1,1,2
190,70,0.5,0.1,0.1,1,1,2
191,72,0.5,0.1,0.1,1,1,2
192,74,0.5,0.1,0.1,1,1,2
193,74,0.5,0.1,0.1,1,1,2
194,74,0.5,0.1,0.1,1,1,2
195,75,0.5,0.1,0.1,1,1,2
196,77,0.5,0.1,0.1,1,1,2
197,77,0.5,0.1,0.1,1,1,2
198,78,0.5,0.1,0.1,1,1,2
199,79,0.5,0.1,0.1,1,1,2
200,81,0.5,0.1,0.1,1,1,2
0,0,0.1,0.5,0.1,1,1,3
1,1,0.1,0.5,0.1,1,1,3
2,2,0.1,0.5,0.1,1,1,3
3,3,0.1,0.5,0.1,1,1,3
4,4,0.1,0.5,0.1,1,1,3
5,5,0.1,0.5,0.1,1,1,3
6,6,0.1,0.5,0.1,1,1,3
7,7,0.1,0.5,0.1,1,1,3
8,8,0.1,0.5,0.1,1,1,3
9,9,0.1,0.5,0.1,1,1,3
10,10,0.1,0.5,0.1,1,1,3
11,11,0.1,0.5,0.1,1,1,3
12,12,0.1,0.5,0.1,1,1,3
13,13,0.1,0.5,0.1,1,1,3
14,14,0.1,0.5,0.1,1,1,3
15,15,0.1,0.5,0.1,1,1,3
16,16,0.1,0.5,0.1,1,1,3
17,17,0.1,0.5,0.1,1,1,3
18,18,0.1,0.5,0.1,1,1,3
19,19,0.1,0.5,0.1,1,1,3
20,20,0.1,0.5,0.1,1,1,3
21,21,0.1,0.5,0.1,1,1,3
22,22,0.1,0.5,0.1,1,1,3
23,23,0.1,0.5,0.1,1,1,3
24,24,0.1,0.5,0.1,1,1,3
25,25,0.1,0.5,0.1,1,1,3
26,26,0.1,0.5,0.1,1,1,3
27,27,0.1,0.5,0.1,1,1,3
28,28,0.1,0.5,0.1,1,1,3
29,29,0.1,0.5,0.1,1,1,3
30,30,0.1,0.5,0.1,1,1,3
31,31,0.1,0.5,0.1,1,1,3
32,32,0.1,0.5,0.1,1,1,3
33,33,0.1,0.5,0.1,1,1,3
34,34,0.1,0.5,0.1,1,1,3
35,35,0.1,0.5,0.1,1,1,3
36,36,0.1,0.5,0.1,1,1,3
37,37,0.1,0.5,0.1,1,1,3
38,38,0.1,0.5,0.1,1,1,3
39,38,0.1,0.5,0.1,1,1,3
40,40,0.1,0.5,0.1,1,1,3
41,38,0.1,0.5,0.1,1,1,3
42,38,0.1,0.5,0.1,1,1,3
43,39,0.1,0.5,0.1,1,1,3
44,40,0.1,0.5,0.1,1,1,3
45,40,0.1,0.5,0.1,1,1,3
46,39,0.1,0.5,0.1,1,1,3
47,38,0.1,0.5,0.1,1,1,3
48,39,0.1,0.5,0.1,1,1,3
49,37,0.1,0.5,0.1,1,1,3
50,40,0.1,0.5,0.1,1,1,3
51,41,0.1,0.5,0.1,1,1,3
52,39,0.1,0.5,0.1,1,1,3
53,37,0.1,0.5,0.1,1,1,3
54,36,0.1,0.5,0.1,1,1,3
55,37,0.1,0.5,0.1,1,1,3
56,40,0.1,0.5,0.1,1,1,3
57,39,0.1,0.5,0.1,1,1,3
58,40,0.1,0.5,0.1,1,1,3
59,38,0.1,0.5,0.1,1,1,3
60,36,0.1,0.5,0.1,1,1,3
61,40,0.1,0.5,0.1,1,1,3
62,37,0.1,0.5,0.1,1,1,3
63,37,0.1,0.5,0.1,1,1,3
64,37,0.1,0.5,0.1,1,1,3
65,37,0.1,0.5,0.1,1,1,3
66,37,0.1,0.5,0.1,1,1,3
67,38,0.1,0.5,0.1,1,1,3
68,40,0.1,0.5,0.1,1,1,3
69,35,0.1,0.5,0.1,1,1,3
70,36,0.1,0.5,0.1,1,1,3
71,36,0.1,0.5,0.1,1,1,3
72,35,0.1,0.5,0.1,1,1,3
73,36,0.1,0.5,0.1,1,1,3
74,36,0.1,0.5,0.1,1,1,3
75,36,0.1,0.5,0.1,1,1,3
76,35,0.1,0.5,0.1,1,1,3
77,34,0.1,0.5,0.1,1,1,3
78,34,0.1,0.5,0.1,1,1,3
79,35,0.1,0.5,0.1,1,1,3
80,33,0.1,0.5,0.1,1,1,3
81,35,0.1,0.5,0.1,1,1,3
82,33,0.1,0.5,0.1,1,1,3
83,32,0.1,0.5,0.1,1,1,3
84,33,0.1,0.5,0.1,1,1,3
85,32,0.1,0.5,0.1,1,1,3
86,32,0.1,0.5,0.1,1,1,3
87,30,0.1,0.5,0.1,1,1,3
88,31,0.1,0.5,0.1,1,1,3
89,29,0.1,0.5,0.1,1,1,3
90,29,0.1,0.5,0.1,1,1,3
91,28,0.1,0.5,0.1,1,1,3
92,26,0.1,0.5,0.1,1,1,3
93,26,0.1,0.5,0.1,1,1,3
94,24,0.1,0.5,0.1,1,1,3
95,23,0.1,0.5,0.1,1,1,3
96,24,0.1,0.5,0.1,1,1,3
97,23,0.1,0.5,0.1,1,1,3
98,22,0.1,0.5,0.1,1,1,3
99,16,0.1,0.5,0.1,1,1,3
100,16,0.1,0.5,0.1,1,1,3
101,17,0.1,0.5,0.1,1,1,3
102,18,0.1,0.5,0.1,1,1,3
103,19,0.1,0.5,0.1,1,1,3
104,20,0.1,0.5,0.1,1,1,3
105,21,0.1,0.5,0.1,1,1,3
106,22,0.1,0.5,0.1,1,1,3
107,23,0.1,0.5,0.1,1,1,3
108,24,0.1,0.5,0.1,1,1,3
109,25,0.1,0.5,0.1,1,1,3
110,26,0.1,0.5,0.1,1,1,3
111,27,0.1,0.5,0.1,1,1,3
112,28,0.1,0.5,0.1,1,1,3
113,29,0.1,0.5,0.1,1,1,3
114,30,0.1,0.5,0.1,1,1,3
115,31,0.1,0.5,0.1,1,1,3
116,32,0.1,0.5,0.1,1,1,3
117,33,0.1,0.5,0.1,1,1,3
118,34,0.1,0.5,0.1,1,1,3
119,35,0.1,0.5,0.1,1,1,3
120,36,0.1,0.5,0.1,1,1,3
121,37,0.1,0.5,0.1,1,1,3
122,38,0.1,0.5,0.1,1,1,3
123,39,0.1,0.5,0.1,1,1,3
124,43,0.1,0.5,0.1,1,1,3
125,43,0.1,0.5,0.1,1,1,3
126,44,0.1,0.5,0.1,1,1,3
127,47,0.1,0.5,0.1,1,1,3
128,48,0.1,0.5,0.1,1,1,3
129,49,0.1,0.5,0.1,1,1,3
130,45,0.1,0.5,0.1,1,1,3
131,46,0.1,0.5,0.1,1,1,3
132,47,0.1,0.5,0.1,1,1,3
133,51,0.1,0.5,0.1,1,1,3
134,51,0.1,0.5,0.1,1,1,3
135,52,0.1,0.5,0.1,1,1,3
136,53,0.1,0.5,0.1,1,1,3
137,54,0.1,0.5,0.1,1,1,3
138,55,0.1,0.5,0.1,1,1,3
139,55,0.1,0.5,0.1,1,1,3
140,56,0.1,0.5,0.1,1,1,3
141,57,0.1,0.5,0.1,1,1,3
142,57,0.1,0.5,0.1,1,1,3
143,60,0.1,0.5,0.1,1,1,3
144,61,0.1,0.5,0.1,1,1,3
145,62,0.1,0.5,0.1,1,1,3
146,62,0.1,0.5,0.1,1,1,3
147,63,0.1,0.5,0.1,1,1,3
148,66,0.1,0.5,0.1,1,1,3
149,66,0.1,0.5,0.1,1,1,3
150,67,0.1,0.5,0.1,1,1,3
151,62,0.1,0.5,0.1,1,1,3
152,70,0.1,0.5,0.1,1,1,3
153,71,0.1,0.5,0.1,1,1,3
154,68,0.1,0.5,0.1,1,1,3
155,67,0.1,0.5,0.1,1,1,3
156,68,0.1,0.5,0.1,1,1,3
157,70,0.1,0.5,0.1,1,1,3
158,72,0.1,0.5,0.1,1,1,3
159,73,0.1,0.5,0.1,1,1,3
160,72,0.1,0.5,0.1,1,1,3
161,74,0.1,0.5,0.1,1,1,3
162,75,0.1,0.5,0.1,1,1,3
163,73,0.1,0.5,0.1,1,1,3
164,76,0.1,0.5,0.1,1,1,3
165,77,0.1,0.5,0.1,1,1,3
166,77,0.1,0.5,0.1,1,1,3
167,72,0.1,0.5,0.1,1,1,3
168,73,0.1,0.5,0.1,1,1,3
169,73,0.1,0.5,0.1,1,1,3
170,76,0.1,0.5,0.1,1,1,3
171,77,0.1,0.5,0.1,1,1,3
172,77,0.1,0.5,0.1,1,1,3
173,72,0.1,0.5,0.1,1,1,3
174,73,0.1,0.5,0.1,1,1,3
175,85,0.1,0.5,0.1,1,1,3
176,76,0.1,0.5,0.1,1,1,3
177,77,0.1,0.5,0.1,1,1,3
178,75,0.1,0.5,0.1,1,1,3
179,82,0.1,0.5,0.1,1,1,3
180,83,0.1,0.5,0.1,1,1,3
181,78,0.1,0.5,0.1,1,1,3
182,84,0.1,0.5,0.1,1,1,3
183,85,0.1,0.5,0.1,1,1,3
184,89,0.1,0.5,0.1,1,1,3
185,91,0.1,0.5,0.1,1,1,3
186,92,0.1,0.5,0.1,1,1,3
187,84,0.1,0.5,0.1,1,1,3
188,89,0.1,0.5,0.1,1,1,3
189,90,0.1,0.5,0.1,1,1,3
190,86,0.1,0.5,0.1,1,1,3
191,90,0.1,0.5,0.1,1,1,3
192,91,0.1,0.5,0.1,1,1,3
193,93,0.1,0.5,0.1,1,1,3
194,90,0.1,0.5,0.1,1,1,3
195,91,0.1,0.5,0.1,1,1,3
196,95,0.1,0.5,0.1,1,1,3
197,85,0.1,0.5,0.1,1,1,3
198,86,0.1,0.5,0.1,1,1,3
199,84,0.1,0.5,0.1,1,1,3
200,92,0.1,0.5,0.1,1,1,3
0,0,0.1,0.1,0.5,1,1,4
1,1,0.1,0.1,0.5,1,1,4
2,2,0.1,0.1,0.5,1,1,4
3,3,0.1,0.1,0.5,1,1,4
4,4,0.1,0.1,0.5,1,1,4
5,5,0.1,0.1,0.5,1,1,4
6,5,0.1,0.1,0.5,1,1,4
7,7,0.1,0.1,0.5,1,1,4
8,8,0.1,0.1,0.5,1,1,4
9,9,0.1,0.1,0.5,1,1,4
10,7,0.1,0.1,0.5,1,1,4
11,10,0.1,0.1,0.5,1,1,4
12,12,0.1,0.1,0.5,1,1,4
13,13,0.1,0.1,0.5,1,1,4
14,14,0.1,0.1,0.5,1,1,4
15,15,0.1,0.1,0.5,1,1,4
16,16,0.1,0.1,0.5,1,1,4
17,17,0.1,0.1,0.5,1,1,4
18,18,0.1,0.1,0.5,1,1,4
19,19,0.1,0.1,0.5,1,1,4
20,20,0.1,0.1,0.5,1,1,4
21,20,0.1,0.1,0.5,1,1,4
22,22,0.1,0.1,0.5,1,1,4
23,23,0.1,0.1,0.5,1,1,4
24,24,0.1,0.1,0.5,1,1,4
25,25,0.1,0.1,0.5,1,1,4
26,26,0.1,0.1,0.5,1,1,4
27,27,0.1,0.1,0.5,1,1,4
28,28,0.1,0.1,0.5,1,1,4
29,29,0.1,0.1,0.5,1,1,4
30,30,0.1,0.1,0.5,1,1,4
31,31,0.1,0.1,0.5,1,1,4
32,32,0.1,0.1,0.5,1,1,4
33,33,0.1,0.1,0.5,1,1,4
34,34,0.1,0.1,0.5,1,1,4
35,35,0.1,0.1,0.5,1,1,4
36,36,0.1,0.1,0.5,1,1,4
37,36,0.1,0.1,0.5,1,1,4
38,38,0.1,0.1,0.5,1,1,4
39,39,0.1,0.1,0.5,1,1,4
40,40,0.1,0.1,0.5,1,1,4
41,41,0.1,0.1,0.5,1,1,4
42,41,0.1,0.1,0.5,1,1,4
43,42,0.1,0.1,0.5,1,1,4
44,41,0.1,0.1,0.5,1,1,4
45,42,0.1,0.1,0.5,1,1,4
46,45,0.1,0.1,0.5,1,1,4
47,43,0.1,0.1,0.5,1,1,4
48,46,0.1,0.1,0.5,1,1,4
49,46,0.1,0.1,0.5,1,1,4
50,46,0.1,0.1,0.5,1,1,4
51,49,0.1,0.1,0.5,1,1,4
52,49,0.1,0.1,0.5,1,1,4
53,48,0.1,0.1,0.5,1,1,4
54,47,0.1,0.1,0.5,1,1,4
55,51,0.1,0.1,0.5,1,1,4
56,45,0.1,0.1,0.5,1,1,4
57,48,0.1,0.1,0.5,1,1,4
58,49,0.1,0.1,0.5,1,1,4
59,50,0.1,0.1,0.5,1,1,4
60,50,0.1,0.1,0.5,1,1,4
61,51,0.1,0.1,0.5,1,1,4
62,48,0.1,0.1,0.5,1,1,4
63,50,0.1,0.1,0.5,1,1,4
64,48,0.1,0.1,0.5,1,1,4
65,50,0.1,0.1,0.5,1,1,4
66,50,0.1,0.1,0.5,1,1,4
67,52,0.1,0.1,0.5,1,1,4
68,51,0.1,0.1,0.5,1,1,4
69,53,0.1,0.1,0.5,1,1,4
70,53,0.1,0.1,0.5,1,1,4
71,48,0.1,0.1,0.5,1,1,4
72,52,0.1,0.1,0.5,1,1,4
73,50,0.1,0.1,0.5,1,1,4
74,51,0.1,0.1,0.5,1,1,4
75,51,0.1,0.1,0.5,1,1,4
76,54,0.1,0.1,0.5,1,1,4
77,51,0.1,0.1,0.5,1,1,4
78,55,0.1,0.1,0.5,1,1,4
79,53,0.1,0.1,0.5,1,1,4
80,54,0.1,0.1,0.5,1,1,4
81,54,0.1,0.1,0.5,1,1,4
82,55,0.1,0.1,0.5,1,1,4
83,52,0.1,0.1,0.5,1,1,4
84,53,0.1,0.1,0.5,1,1,4
85,54,0.1,0.1,0.5,1,1,4
86,55,0.1,0.1,0.5,1,1,4
87,56,0.1,0.1,0.5,1,1,4
88,57,0.1,0.1,0.5,1,1,4
89,57,0.1,0.1,0.5,1,1,4
90,56,0.1,0.1,0.5,1,1,4
91,57,0.1,0.1,0.5,1,1,4
92,54,0.1,0.1,0.5,1,1,4
93,58,0.1,0.1,0.5,1,1,4
94,59,0.1,0.1,0.5,1,1,4
95,56,0.1,0.1,0.5,1,1,4
96,58,0.1,0.1,0.5,1,1,4
97,59,0.1,0.1,0.5,1,1,4
98,58,0.1,0.1,0.5,1,1,4
99,61,0.1,0.1,0.5,1,1,4
100,56,0.1,0.1,0.5,1,1,4
101,60,0.1,0.1,0.5,1,1,4
102,58,0.1,0.1,0.5,1,1,4
103,59,0.1,0.1,0.5,1,1,4
104,58,0.1,0.1,0.5,1,1,4
105,61,0.1,0.1,0.5,1,1,4
106,63,0.1,0.1,0.5,1,1,4
107,61,0.1,0.1,0.5,1,1,4
108,61,0.1,0.1,0.5,1,1,4
109,62,0.1,0.1,0.5,1,1,4
110,60,0.1,0.1,0.5,1,1,4
111,60,0.1,0.1,0.5,1,1,4
112,62,0.1,0.1,0.5,1,1,4
113,57,0.1,0.1,0.5,1,1,4
114,61,0.1,0.1,0.5,1,1,4
115,65,0.1,0.1,0.5,1,1,4
116,63,0.1,0.1,0.5,1,1,4
117,46,0.1,0.1,0.5,1,1,4
118,35,0.1,0.1,0.5,1,1,4
119,34,0.1,0.1,0.5,1,1,4
120,46,0.1,0.1,0.5,1,1,4
121,41,0.1,0.1,0.5,1,1,4
122,40,0.1,0.1,0.5,1,1,4
123,28,0.1,0.1,0.5,1,1,4
124,35,0.1,0.1,0.5,1,1,4
125,28,0.1,0.1,0.5,1,1,4
126,34,0.1,0.1,0.5,1,1,4
127,21,0.1,0.1,0.5,1,1,4
128,28,0.1,0.1,0.5,1,1,4
129,28,0.1,0.1,0.5,1,1,4
130,27,0.1,0.1,0.5,1,1,4
131,27,0.1,0.1,0.5,1,1,4
132,26,0.1,0.1,0.5,1,1,4
133,33,0.1,0.1,0.5,1,1,4
134,27,0.1,0.1,0.5,1,1,4
135,23,0.1,0.1,0.5,1,1,4
136,23,0.1,0.1,0.5,1,1,4
137,27,0.1,0.1,0.5,1,1,4
138,23,0.1,0.1,0.5,1,1,4
139,23,0.1,0.1,0.5,1,1,4
140,22,0.1,0.1,0.5,1,1,4
141,22,0.1,0.1,0.5,1,1,4
142,24,0.1,0.1,0.5,1,1,4
143,27,0.1,0.1,0.5,1,1,4
144,25,0.1,0.1,0.5,1,1,4
145,26,0.1,0.1,0.5,1,1,4
146,27,0.1,0.1,0.5,1,1,4
147,32,0.1,0.1,0.5,1,1,4
148,29,0.1,0.1,0.5,1,1,4
149,30,0.1,0.1,0.5,1,1,4
150,31,0.1,0.1,0.5,1,1,4
151,32,0.1,0.1,0.5,1,1,4
152,34,0.1,0.1,0.5,1,1,4
153,34,0.1,0.1,0.5,1,1,4
154,35,0.1,0.1,0.5,1,1,4
155,36,0.1,0.1,0.5,1,1,4
156,37,0.1,0.1,0.5,1,1,4
157,38,0.1,0.1,0.5,1,1,4
158,39,0.1,0.1,0.5,1,1,4
159,40,0.1,0.1,0.5,1,1,4
160,41,0.1,0.1,0.5,1,1,4
161,42,0.1,0.1,0.5,1,1,4
162,43,0.1,0.1,0.5,1,1,4
163,44,0.1,0.1,0.5,1,1,4
164,45,0.1,0.1,0.5,1,1,4
165,46,0.1,0.1,0.5,1,1,4
166,47,0.1,0.1,0.5,1,1,4
167,48,0.1,0.1,0.5,1,1,4
168,50,0.1,0.1,0.5,1,1,4
169,50,0.1,0.1,0.5,1,1,4
170,51,0.1,0.1,0.5,1,1,4
171,52,0.1,0.1,0.5,1,1,4
172,53,0.1,0.1,0.5,1,1,4
173,54,0.1,0.1,0.5,1,1,4
174,55,0.1,0.1,0.5,1,1,4
175,56,0.1,0.1,0.5,1,1,4
176,57,0.1,0.1,0.5,1,1,4
177,58,0.1,0.1,0.5,1,1,4
178,59,0.1,0.1,0.5,1,1,4
179,60,0.1,0.1,0.5,1,1,4
180,61,0.1,0.1,0.5,1,1,4
181,62,0.1,0.1,0.5,1,1,4
182,63,0.1,0.1,0.5,1,1,4
183,64,0.1,0.1,0.5,1,1,4
184,65,0.1,0.1,0.5,1,1,4
185,66,0.1,0.1,0.5,1,1,4
186,67,0.1,0.1,0.5,1,1,4
187,68,0.1,0.1,0.5,1,1,4
188,69,0.1,0.1,0.5,1,1,4
189,70,0.1,0.1,0.5,1,1,4
190,71,0.1,0.1,0.5,1,1,4
191,72,0.1,0.1,0.5,1,1,4
192,73,0.1,0.1,0.5,1,1,4
193,74,0.1,0.1,0.5,1,1,4
194,75,0.1,0.1,0.5,1,1,4
195,76,0.1,0.1,0.5,1,1,4
196,77,0.1,0.1,0.5,1,1,4
197,78,0.1,0.1,0.5,1,1,4
198,79,0.1,0.1,0.5,1,1,4
199,80,0.1,0.1,0.5,1,1,4
200,81,0.1,0.1,0.5,1,1,4
0,0,0.1,0.1,0.1,1,2,5
1,1,0.1,0.1,0.1,1,2,5
2,2,0.1,0.1,0.1,1,2,5
3,3,0.1,0.1,0.1,1,2,5
4,4,0.1,0.1,0.1,1,2,5
5,5,0.1,0.1,0.1,1,2,5
6,6,0.1,0.1,0.1,1,2,5
7,7,0.1,0.1,0.1,1,2,5
8,8,0.1,0.1,0.1,1,2,5
9,9,0.1,0.1,0.1,1,2,5
10,10,0.1,0.1,0.1,1,2,5
11,11,0.1,0.1,0.1,1,2,5
12,12,0.1,0.1,0.1,1,2,5
13,13,0.1,0.1,0.1,1,2,5
14,14,0.1,0.1,0.1,1,2,5
15,15,0.1,0.1,0.1,1,2,5
16,16,0.1,0.1,0.1,1,2,5
17,17,0.1,0.1,0.1,1,2,5
18,18,0.1,0.1,0.1,1,2,5
19,19,0.1,0.1,0.1,1,2,5
20,20,0.1,0.1,0.1,1,2,5
21,21,0.1,0.1,0.1,1,2,5
22,22,0.1,0.1,0.1,1,2,5
23,23,0.1,0.1,0.1,1,2,5
24,24,0.1,0.1,0.1,1,2,5
25,25,0.1,0.1,0.1,1,2,5
26,26,0.1,0.1,0.1,1,2,5
27,27,0.1,0.1,0.1,1,2,5
28,28,0.1,0.1,0.1,1,2,5
29,29,0.1,0.1,0.1,1,2,5
30,30,0.1,0.1,0.1,1,2,5
31,31,0.1,0.1,0.1,1,2,5
32,32,0.1,0.1,0.1,1,2,5
33,33,0.1,0.1,0.1,1,2,5
34,34,0.1,0.1,0.1,1,2,5
35,35,0.1,0.1,0.1,1,2,5
36,36,0.1,0.1,0.1,1,2,5
37,37,0.1,0.1,0.1,1,2,5
38,38,0.1,0.1,0.1,1,2,5
39,39,0.1,0.1,0.1,1,2,5
40,40,0.1,0.1,0.1,1,2,5
41,41,0.1,0.1,0.1,1,2,5
42,42,0.1,0.1,0.1,1,2,5
43,43,0.1,0.1,0.1,1,2,5
44,44,0.1,0.1,0.1,1,2,5
45,45,0.1,0.1,0.1,1,2,5
46,46,0.1,0.1,0.1,1,2,5
47,47,0.1,0.1,0.1,1,2,5
48,47,0.1,0.1,0.1,1,2,5
49,47,0.1,0.1,0.1,1,2,5
50,47,0.1,0.1,0.1,1,2,5
51,47,0.1,0.1,0.1,1,2,5
52,47,0.1,0.1,0.1,1,2,5
53,47,0.1,0.1,0.1,1,2,5
54,47,0.1,0.1,0.1,1,2,5
55,47,0.1,0.1,0.1,1,2,5
56,47,0.1,0.1,0.1,1,2,5
57,47,0.1,0.1,0.1,1,2,5
58,48,0.1,0.1,0.1,1,2,5
59,48,0.1,0.1,0.1,1,2,5
60,48,0.1,0.1,0.1,1,2,5
61,48,0.1,0.1,0.1,1,2,5
62,48,0.1,0.1,0.1,1,2,5
63,48,0.1,0.1,0.1,1,2,5
64,48,0.1,0.1,0.1,1,2,5
65,48,0.1,0.1,0.1,1,2,5
66,48,0.1,0.1,0.1,1,2,5
67,48,0.1,0.1,0.1,1,2,5
68,48,0.1,0.1,0.1,1,2,5
69,48,0.1,0.1,0.1,1,2,5
70,48,0.1,0.1,0.1,1,2,5
71,48,0.1,0.1,0.1,1,2,5
72,48,0.1,0.1,0.1,1,2,5
73,48,0.1,0.1,0.1,1,2,5
74,48,0.1,0.1,0.1,1,2,5
75,48,0.1,0.1,0.1,1,2,5
76,48,0.1,0.1,0.1,1,2,5
77,48,0.1,0.1,0.1,1,2,5
78,48,0.1,0.1,0.1,1,2,5
79,48,0.1,0.1,0.1,1,2,5
80,48,0.1,0.1,0.1,1,2,5
81,48,0.1,0.1,0.1,1,2,5
82,48,0.1,0.1,0.1,1,2,5
83,48,0.1,0.1,0.1,1,2,5
84,48,0.1,0.1,0.1,1,2,5
85,48,0.1,0.1,0.1,1,2,5
86,48,0.1,0.1,0.1,1,2,5
87,48,0.1,0.1,0.1,1,2,5
88,48,0.1,0.1,0.1,1,2,5
89,48,0.1,0.1,0.1,1,2,5
90,48,0.1,0.1,0.1,1,2,5
91,48,0.1,0.1,0.1,1,2,5
92,48,0.1,0.1,0.1,1,2,5
93,48,0.1,0.1,0.1,1,2,5
94,48,0.1,0.1,0.1,1,2,5
95,48,0.1,0.1,0.1,1,2,5
96,48,0.1,0.1,0.1,1,2,5
97,48,0.1,0.1,0.1,1,2,5
98,48,0.1,0.1,0.1,1,2,5
99,48,0.1,0.1,0.1,1,2,5
100,48,0.1,0.1,0.1,1,2,5
101,48,0.1,0.1,0.1,1,2,5
102,48,0.1,0.1,0.1,1,2,5
103,48,0.1,0.1,0.1,1,2,5
104,48,0.1,0.1,0.1,1,2,5
105,48,0.1,0.1,0.1,1,2,5
106,48,0.1,0.1,0.1,1,2,5
107,48,0.1,0.1,0.1,1,2,5
108,49,0.1,0.1,0.1,1,2,5
109,49,0.1,0.1,0.1,1,2,5
110,49,0.1,0.1,0.1,1,2,5
111,49,0.1,0.1,0.1,1,2,5
112,49,0.1,0.1,0.1,1,2,5
113,49,0.1,0.1,0.1,1,2,5
114,49,0.1,0.1,0.1,1,2,5
115,49,0.1,0.1,0.1,1,2,5
116,49,0.1,0.1,0.1,1,2,5
117,49,0.1,0.1,0.1,1,2,5
118,49,0.1,0.1,0.1,1,2,5
119,49,0.1,0.1,0.1,1,2,5
120,49,0.1,0.1,0.1,1,2,5
121,49,0.1,0.1,0.1,1,2,5
122,49,0.1,0.1,0.1,1,2,5
123,49,0.1,0.1,0.1,1,2,5
124,49,0.1,0.1,0.1,1,2,5
125,49,0.1,0.1,0.1,1,2,5
126,49,0.1,0.1,0.1,1,2,5
127,49,0.1,0.1,0.1,1,2,5
128,49,0.1,0.1,0.1,1,2,5
129,49,0.1,0.1,0.1,1,2,5
130,49,0.1,0.1,0.1,1,2,5
131,49,0.1,0.1,0.1,1,2,5
132,49,0.1,0.1,0.1,1,2,5
133,49,0.1,0.1,0.1,1,2,5
134,49,0.1,0.1,0.1,1,2,5
135,49,0.1,0.1,0.1,1,2,5
136,49,0.1,0.1,0.1,1,2,5
137,49,0.1,0.1,0.1,1,2,5
138,48,0.1,0.1,0.1,1,2,5
139,48,0.1,0.1,0.1,1,2,5
140,48,0.1,0.1,0.1,1,2,5
141,48,0.1,0.1,0.1,1,2,5
142,48,0.1,0.1,0.1,1,2,5
143,47,0.1,0.1,0.1,1,2,5
144,47,0.1,0.1,0.1,1,2,5
145,46,0.1,0.1,0.1,1,2,5
146,46,0.1,0.1,0.1,1,2,5
147,45,0.1,0.1,0.1,1,2,5
148,44,0.1,0.1,0.1,1,2,5
149,43,0.1,0.1,0.1,1,2,5
150,42,0.1,0.1,0.1,1,2,5
151,41,0.1,0.1,0.1,1,2,5
152,39,0.1,0.1,0.1,1,2,5
153,37,0.1,0.1,0.1,1,2,5
154,34,0.1,0.1,0.1,1,2,5
155,35,0.1,0.1,0.1,1,2,5
156,36,0.1,0.1,0.1,1,2,5
157,37,0.1,0.1,0.1,1,2,5
158,38,0.1,0.1,0.1,1,2,5
159,39,0.1,0.1,0.1,1,2,5
160,40,0.1,0.1,0.1,1,2,5
161,41,0.1,0.1,0.1,1,2,5
162,42,0.1,0.1,0.1,1,2,5
163,43,0.1,0.1,0.1,1,2,5
164,44,0.1,0.1,0.1,1,2,5
165,45,0.1,0.1,0.1,1,2,5
166,46,0.1,0.1,0.1,1,2,5
167,47,0.1,0.1,0.1,1,2,5
168,48,0.1,0.1,0.1,1,2,5
169,49,0.1,0.1,0.1,1,2,5
170,50,0.1,0.1,0.1,1,2,5
171,51,0.1,0.1,0.1,1,2,5
172,52,0.1,0.1,0.1,1,2,5
173,53,0.1,0.1,0.1,1,2,5
174,54,0.1,0.1,0.1,1,2,5
175,55,0.1,0.1,0.1,1,2,5
176,56,0.1,0.1,0.1,1,2,5
177,57,0.1,0.1,0.1,1,2,5
178,58,0.1,0.1,0.1,1,2,5
179,59,0.1,0.1,0.1,1,2,5
180,60,0.1,0.1,0.1,1,2,5
181,61,0.1,0.1,0.1,1,2,5
182,62,0.1,0.1,0.1,1,2,5
183,63,0.1,0.1,0.1,1,2,5
184,64,0.1,0.1,0.1,1,2,5
185,65,0.1,0.1,0.1,1,2,5
186,66,0.1,0.1,0.1,1,2,5
187,67,0.1,0.1,0.1,1,2,5
188,68,0.1,0.1,0.1,1,2,5
189,69,0.1,0.1,0.1,1,2,5
190,70,0.1,0.1,0.1,1,2,5
191,71,0.1,0.1,0.1,1,2,5
192,72,0.1,0.1,0.1,1,2,5
193,73,0.1,0.1,0.1,1,2,5
194,74,0.1,0.1,0.1,1,2,5
195,75,0.1,0.1,0.1,1,2,5
196,76,0.1,0.1,0.1,1,2,5
197,77,0.1,0.1,0.1,1,2,5
198,78,0.1,0.1,0.1,1,2,5
199,79,0.1,0.1,0.1,1,2,5
200,80,0.1,0.1,0.1,1,2,5
0,0,0.5,0.1,0.1,1,2,6
1,1,0.5,0.1,0.1,1,2,6
2,2,0.5,0.1,0.1,1,2,6
3,3,0.5,0.1,0.1,1,2,6
4,4,0.5,0.1,0.1,1,2,6
5,5,0.5,0.1,0.1,1,2,6
6,6,0.5,0.1,0.1,1,2,6
7,7,0.5,0.1,0.1,1,2,6
8,8,0.5,0.1,0.1,1,2,6
9,9,0.5,0.1,0.1,1,2,6
10,10,0.5,0.1,0.1,1,2,6
11,11,0.5,0.1,0.1,1,2,6
12,12,0.5,0.1,0.1,1,2,6
13,13,0.5,0.1,0.1,1,2,6
14,14,0.5,0.1,0.1,1,2,6
15,15,0.5,0.1,0.1,1,2,6
16,16,0.5,0.1,0.1,1,2,6
17,17,0.5,0.1,0.1,1,2,6
18,18,0.5,0.1,0.1,1,2,6
19,19,0.5,0.1,0.1,1,2,6
20,20,0.5,0.1,0.1,1,2,6
21,21,0.5,0.1,0.1,1,2,6
22,22,0.5,0.1,0.1,1,2,6
23,23,0.5,0.1,0.1,1,2,6
24,24,0.5,0.1,0.1,1,2,6
25,25,0.5,0.1,0.1,1,2,6
26,26,0.5,0.1,0.1,1,2,6
27,27,0.5,0.1,0.1,1,2,6
28,28,0.5,0.1,0.1,1,2,6
29,29,0.5,0.1,0.1,1,2,6
30,30,0.5,0.1,0.1,1,2,6
31,31,0.5,0.1,0.1,1,2,6
32,32,0.5,0.1,0.1,1,2,6
33,33,0.5,0.1,0.1,1,2,6
34,34,0.5,0.1,0.1,1,2,6
35,35,0.5,0.1,0.1,1,2,6
36,36,0.5,0.1,0.1,1,2,6
37,37,0.5,0.1,0.1,1,2,6
38,38,0.5,0.1,0.1,1,2,6
39,39,0.5,0.1,0.1,1,2,6
40,40,0.5,0.1,0.1,1,2,6
41,41,0.5,0.1,0.1,1,2,6
42,42,0.5,0.1,0.1,1,2,6
43,43,0.5,0.1,0.1,1,2,6
44,44,0.5,0.1,0.1,1,2,6
45,44,0.5,0.1,0.1,1,2,6
46,44,0.5,0.1,0.1,1,2,6
47,44,0.5,0.1,0.1,1,2,6
48,44,0.5,0.1,0.1,1,2,6
49,44,0.5,0.1,0.1,1,2,6
50,44,0.5,0.1,0.1,1,2,6
51,44,0.5,0.1,0.1,1,2,6
52,44,0.5,0.1,0.1,1,2,6
53,44,0.5,0.1,0.1,1,2,6
54,44,0.5,0.1,0.1,1,2,6
55,44,0.5,0.1,0.1,1,2,6
56,44,0.5,0.1,0.1,1,2,6
57,44,0.5,0.1,0.1,1,2,6
58,44,0.5,0.1,0.1,1,2,6
59,44,0.5,0.1,0.1,1,2,6
60,45,0.5,0.1,0.1,1,2,6
61,45,0.5,0.1,0.1,1,2,6
62,45,0.5,0.1,0.1,1,2,6
63,45,0.5,0.1,0.1,1,2,6
64,45,0.5,0.1,0.1,1,2,6
65,45,0.5,0.1,0.1,1,2,6
66,45,0.5,0.1,0.1,1,2,6
67,45,0.5,0.1,0.1,1,2,6
68,45,0.5,0.1,0.1,1,2,6
69,45,0.5,0.1,0.1,1,2,6
70,45,0.5,0.1,0.1,1,2,6
71,45,0.5,0.1,0.1,1,2,6
72,45,0.5,0.1,0.1,1,2,6
73,45,0.5,0.1,0.1,1,2,6
74,45,0.5,0.1,0.1,1,2,6
75,45,0.5,0.1,0.1,1,2,6
76,45,0.5,0.1,0.1,1,2,6
77,45,0.5,0.1,0.1,1,2,6
78,45,0.5,0.1,0.1,1,2,6
79,45,0.5,0.1,0.1,1,2,6
80,45,0.5,0.1,0.1,1,2,6
81,45,0.5,0.1,0.1,1,2,6
82,45,0.5,0.1,0.1,1,2,6
83,45,0.5,0.1,0.1,1,2,6
84,45,0.5,0.1,0.1,1,2,6
85,45,0.5,0.1,0.1,1,2,6
86,45,0.5,0.1,0.1,1,2,6
87,45,0.5,0.1,0.1,1,2,6
88,45,0.5,0.1,0.1,1,2,6
89,45,0.5,0.1,0.1,1,2,6
90,45,0.5,0.1,0.1,1,2,6
91,45,0.5,0.1,0.1,1,2,6
92,45,0.5,0.1,0.1,1,2,6
93,45,0.5,0.1,0.1,1,2,6
94,45,0.5,0.1,0.1,1,2,6
95,45,0.5,0.1,0.1,1,2,6
96,45,0.5,0.1,0.1,1,2,6
97,45,0.5,0.1,0.1,1,2,6
98,45,0.5,0.1,0.1,1,2,6
99,45,0.5,0.1,0.1,1,2,6
100,45,0.5,0.1,0.1,1,2,6
101,46,0.5,0.1,0.1,1,2,6
102,46,0.5,0.1,0.1,1,2,6
103,46,0.5,0.1,0.1,1,2,6
104,46,0.5,0.1,0.1,1,2,6
105,46,0.5,0.1,0.1,1,2,6
106,46,0.5,0.1,0.1,1,2,6
107,46,0.5,0.1,0.1,1,2,6
108,46,0.5,0.1,0.1,1,2,6
109,46,0.5,0.1,0.1,1,2,6
110,46,0.5,0.1,0.1,1,2,6
111,46,0.5,0.1,0.1,1,2,6
112,46,0.5,0.1,0.1,1,2,6
113,46,0.5,0.1,0.1,1,2,6
114,46,0.5,0.1,0.1,1,2,6
115,46,0.5,0.1,0.1,1,2,6
116,46,0.5,0.1,0.1,1,2,6
117,46,0.5,0.1,0.1,1,2,6
118,46,0.5,0.1,0.1,1,2,6
119,46,0.5,0.1,0.1,1,2,6
120,46,0.5,0.1,0.1,1,2,6
121,46,0.5,0.1,0.1,1,2,6
122,46,0.5,0.1,0.1,1,2,6
123,46,0.5,0.1,0.1,1,2,6
124,46,0.5,0.1,0.1,1,2,6
125,46,0.5,0.1,0.1,1,2,6
126,46,0.5,0.1,0.1,1,2,6
127,46,0.5,0.1,0.1,1,2,6
128,46,0.5,0.1,0.1,1,2,6
129,46,0.5,0.1,0.1,1,2,6
130,46,0.5,0.1,0.1,1,2,6
131,46,0.5,0.1,0.1,1,2,6
132,46,0.5,0.1,0.1,1,2,6
133,46,0.5,0.1,0.1,1,2,6
134,46,0.5,0.1,0.1,1,2,6
135,46,0.5,0.1,0.1,1,2,6
136,46,0.5,0.1,0.1,1,2,6
137,46,0.5,0.1,0.1,1,2,6
138,46,0.5,0.1,0.1,1,2,6
139,46,0.5,0.1,0.1,1,2,6
140,45,0.5,0.1,0.1,1,2,6
141,45,0.5,0.1,0.1,1,2,6
142,45,0.5,0.1,0.1,1,2,6
143,44,0.5,0.1,0.1,1,2,6
144,44,0.5,0.1,0.1,1,2,6
145,43,0.5,0.1,0.1,1,2,6
146,43,0.5,0.1,0.1,1,2,6
147,42,0.5,0.1,0.1,1,2,6
148,41,0.5,0.1,0.1,1,2,6
149,40,0.5,0.1,0.1,1,2,6
150,38,0.5,0.1,0.1,1,2,6
151,36,0.5,0.1,0.1,1,2,6
152,34,0.5,0.1,0.1,1,2,6
153,33,0.5,0.1,0.1,1,2,6
154,34,0.5,0.1,0.1,1,2,6
155,35,0.5,0.1,0.1,1,2,6
156,36,0.5,0.1,0.1,1,2,6
157,37,0.5,0.1,0.1,1,2,6
158,38,0.5,0.1,0.1,1,2,6
159,39,0.5,0.1,0.1,1,2,6
160,40,0.5,0.1,0.1,1,2,6
161,41,0.5,0.1,0.1,1,2,6
162,42,0.5,0.1,0.1,1,2,6
163,43,0.5,0.1,0.1,1,2,6
164,44,0.5,0.1,0.1,1,2,6
165,45,0.5,0.1,0.1,1,2,6
166,46,0.5,0.1,0.1,1,2,6
167,47,0.5,0.1,0.1,1,2,6
168,48,0.5,0.1,0.1,1,2,6
169,49,0.5,0.1,0.1,1,2,6
170,50,0.5,0.1,0.1,1,2,6
171,51,0.5,0.1,0.1,1,2,6
172,52,0.5,0.1,0.1,1,2,6
173,53,0.5,0.1,0.1,1,2,6
174,54,0.5,0.1,0.1,1,2,6
175,55,0.5,0.1,0.1,1,2,6
176,56,0.5,0.1,0.1,1,2,6
177,57,0.5,0.1,0.1,1,2,6
178,58,0.5,0.1,0.1,1,2,6
179,59,0.5,0.1,0.1,1,2,6
180,60,0.5,0.1,0.1,1,2,6
181,61,0.5,0.1,0.1,1,2,6
182,62,0.5,0.1,0.1,1,2,6
183,63,0.5,0.1,0.1,1,2,6
184,64,0.5,0.1,0.1,1,2,6
185,65,0.5,0.1,0.1,1,2,6
186,66,0.5,0.1,0.1,1,2,6
187,67,0.5,0.1,0.1,1,2,6
188,68,0.5,0.1,0.1,1,2,6
189,69,0.5,0.1,0.1,1,2,6
190,70,0.5,0.1,0.1,1,2,6
191,71,0.5,0.1,0.1,1,2,6
192,72,0.5,0.1,0.1,1,2,6
193,73,0.5,0.1,0.1,1,2,6
194,74,0.5,0.1,0.1,1,2,6
195,75,0.5,0.1,0.1,1,2,6
196,76,0.5,0.1,0.1,1,2,6
197,77,0.5,0.1,0.1,1,2,6
198,78,0.5,0.1,0.1,1,2,6
199,79,0.5,0.1,0.1,1,2,6
200,80,0.5,0.1,0.1,1,2,6
0,0,0.1,0.5,0.1,1,2,7
1,1,0.1,0.5,0.1,1,2,7
2,2,0.1,0.5,0.1,1,2,7
3,3,0.1,0.5,0.1,1,2,7
4,4,0.1,0.5,0.1,1,2,7
5,5,0.1,0.5,0.1,1,2,7
6,6,0.1,0.5,0.1,1,2,7
7,7,0.1,0.5,0.1,1,2,7
8,8,0.1,0.5,0.1,1,2,7
9,9,0.1,0.5,0.1,1,2,7
10,10,0.1,0.5,0.1,1,2,7
11,11,0.1,0.5,0.1,1,2,7
12,12,0.1,0.5,0.1,1,2,7
13,13,0.1,0.5,0.1,1,2,7
14,14,0.1,0.5,0.1,1,2,7
15,15,0.1,0.5,0.1,1,2,7
16,16,0.1,0.5,0.1,1,2,7
17,17,0.1,0.5,0.1,1,2,7
18,18,0.1,0.5,0.1,1,2,7
19,19,0.1,0.5,0.1,1,2,7
20,20,0.1,0.5,0.1,1,2,7
21,21,0.1,0.5,0.1,1,2,7
22,22,0.1,0.5,0.1,1,2,7
23,23,0.1,0.5,0.1,1,2,7
24,24,0.1,0.5,0.1,1,2,7
25,24,0.1,0.5,0.1,1,2,7
26,24,0.1,0.5,0.1,1,2,7
27,23,0.1,0.5,0.1,1,2,7
28,23,0.1,0.5,0.1,1,2,7
29,23,0.1,0.5,0.1,1,2,7
30,22,0.1,0.5,0.1,1,2,7
31,22,0.1,0.5,0.1,1,2,7
32,22,0.1,0.5,0.1,1,2,7
33,22,0.1,0.5,0.1,1,2,7
34,21,0.1,0.5,0.1,1,2,7
35,21,0.1,0.5,0.1,1,2,7
36,20,0.1,0.5,0.1,1,2,7
37,20,0.1,0.5,0.1,1,2,7
38,20,0.1,0.5,0.1,1,2,7
39,19,0.1,0.5,0.1,1,2,7
40,19,0.1,0.5,0.1,1,2,7
41,18,0.1,0.5,0.1,1,2,7
42,18,0.1,0.5,0.1,1,2,7
43,17,0.1,0.5,0.1,1,2,7
44,17,0.1,0.5,0.1,1,2,7
45,16,0.1,0.5,0.1,1,2,7
46,16,0.1,0.5,0.1,1,2,7
47,15,0.1,0.5,0.1,1,2,7
48,15,0.1,0.5,0.1,1,2,7
49,14,0.1,0.5,0.1,1,2,7
50,14,0.1,0.5,0.1,1,2,7
51,13,0.1,0.5,0.1,1,2,7
52,12,0.1,0.5,0.1,1,2,7
53,12,0.1,0.5,0.1,1,2,7
54,11,0.1,0.5,0.1,1,2,7
55,11,0.1,0.5,0.1,1,2,7
56,10,0.1,0.5,0.1,1,2,7
57,9,0.1,0.5,0.1,1,2,7
58,9,0.1,0.5,0.1,1,2,7
59,8,0.1,0.5,0.1,1,2,7
60,8,0.1,0.5,0.1,1,2,7
61,7,0.1,0.5,0.1,1,2,7
62,7,0.1,0.5,0.1,1,2,7
63,6,0.1,0.5,0.1,1,2,7
64,6,0.1,0.5,0.1,1,2,7
65,5,0.1,0.5,0.1,1,2,7
66,5,0.1,0.5,0.1,1,2,7
67,4,0.1,0.5,0.1,1,2,7
68,4,0.1,0.5,0.1,1,2,7
69,3,0.1,0.5,0.1,1,2,7
70,3,0.1,0.5,0.1,1,2,7
71,3,0.1,0.5,0.1,1,2,7
72,3,0.1,0.5,0.1,1,2,7
73,2,0.1,0.5,0.1,1,2,7
74,2,0.1,0.5,0.1,1,2,7
75,2,0.1,0.5,0.1,1,2,7
76,2,0.1,0.5,0.1,1,2,7
77,2,0.1,0.5,0.1,1,2,7
78,2,0.1,0.5,0.1,1,2,7
79,2,0.1,0.5,0.1,1,2,7
80,2,0.1,0.5,0.1,1,2,7
81,2,0.1,0.5,0.1,1,2,7
82,2,0.1,0.5,0.1,1,2,7
83,2,0.1,0.5,0.1,1,2,7
84,2,0.1,0.5,0.1,1,2,7
85,2,0.1,0.5,0.1,1,2,7
86,2,0.1,0.5,0.1,1,2,7
87,2,0.1,0.5,0.1,1,2,7
88,3,0.1,0.5,0.1,1,2,7
89,3,0.1,0.5,0.1,1,2,7
90,3,0.1,0.5,0.1,1,2,7
91,3,0.1,0.5,0.1,1,2,7
92,4,0.1,0.5,0.1,1,2,7
93,4,0.1,0.5,0.1,1,2,7
94,4,0.1,0.5,0.1,1,2,7
95,5,0.1,0.5,0.1,1,2,7
96,5,0.1,0.5,0.1,1,2,7
97,5,0.1,0.5,0.1,1,2,7
98,6,0.1,0.5,0.1,1,2,7
99,6,0.1,0.5,0.1,1,2,7
100,7,0.1,0.5,0.1,1,2,7
101,7,0.1,0.5,0.1,1,2,7
102,8,0.1,0.5,0.1,1,2,7
103,8,0.1,0.5,0.1,1,2,7
104,9,0.1,0.5,0.1,1,2,7
105,9,0.1,0.5,0.1,1,2,7
106,10,0.1,0.5,0.1,1,2,7
107,10,0.1,0.5,0.1,1,2,7
108,11,0.1,0.5,0.1,1,2,7
109,12,0.1,0.5,0.1,1,2,7
110,12,0.1,0.5,0.1,1,2,7
111,13,0.1,0.5,0.1,1,2,7
112,14,0.1,0.5,0.1,1,2,7
113,14,0.1,0.5,0.1,1,2,7
114,15,0.1,0.5,0.1,1,2,7
115,16,0.1,0.5,0.1,1,2,7
116,16,0.1,0.5,0.1,1,2,7
117,17,0.1,0.5,0.1,1,2,7
118,18,0.1,0.5,0.1,1,2,7
119,18,0.1,0.5,0.1,1,2,7
120,19,0.1,0.5,0.1,1,2,7
121,20,0.1,0.5,0.1,1,2,7
122,21,0.1,0.5,0.1,1,2,7
123,21,0.1,0.5,0.1,1,2,7
124,22,0.1,0.5,0.1,1,2,7
125,23,0.1,0.5,0.1,1,2,7
126,24,0.1,0.5,0.1,1,2,7
127,25,0.1,0.5,0.1,1,2,7
128,26,0.1,0.5,0.1,1,2,7
129,27,0.1,0.5,0.1,1,2,7
130,27,0.1,0.5,0.1,1,2,7
131,28,0.1,0.5,0.1,1,2,7
132,29,0.1,0.5,0.1,1,2,7
133,30,0.1,0.5,0.1,1,2,7
134,31,0.1,0.5,0.1,1,2,7
135,32,0.1,0.5,0.1,1,2,7
136,33,0.1,0.5,0.1,1,2,7
137,34,0.1,0.5,0.1,1,2,7
138,35,0.1,0.5,0.1,1,2,7
139,36,0.1,0.5,0.1,1,2,7
140,37,0.1,0.5,0.1,1,2,7
141,38,0.1,0.5,0.1,1,2,7
142,39,0.1,0.5,0.1,1,2,7
143,40,0.1,0.5,0.1,1,2,7
144,41,0.1,0.5,0.1,1,2,7
145,42,0.1,0.5,0.1,1,2,7
146,43,0.1,0.5,0.1,1,2,7
147,44,0.1,0.5,0.1,1,2,7
148,45,0.1,0.5,0.1,1,2,7
149,47,0.1,0.5,0.1,1,2,7
150,48,0.1,0.5,0.1,1,2,7
151,49,0.1,0.5,0.1,1,2,7
152,50,0.1,0.5,0.1,1,2,7
153,51,0.1,0.5,0.1,1,2,7
154,52,0.1,0.5,0.1,1,2,7
155,53,0.1,0.5,0.1,1,2,7
156,54,0.1,0.5,0.1,1,2,7
157,56,0.1,0.5,0.1,1,2,7
158,57,0.1,0.5,0.1,1,2,7
159,58,0.1,0.5,0.1,1,2,7
160,59,0.1,0.5,0.1,1,2,7
161,60,0.1,0.5,0.1,1,2,7
162,61,0.1,0.5,0.1,1,2,7
163,63,0.1,0.5,0.1,1,2,7
164,64,0.1,0.5,0.1,1,2,7
165,65,0.1,0.5,0.1,1,2,7
166,66,0.1,0.5,0.1,1,2,7
167,67,0.1,0.5,0.1,1,2,7
168,68,0.1,0.5,0.1,1,2,7
169,70,0.1,0.5,0.1,1,2,7
170,71,0.1,0.5,0.1,1,2,7
171,72,0.1,0.5,0.1,1,2,7
172,73,0.1,0.5,0.1,1,2,7
173,74,0.1,0.5,0.1,1,2,7
174,76,0.1,0.5,0.1,1,2,7
175,77,0.1,0.5,0.1,1,2,7
176,78,0.1,0.5,0.1,1,2,7
177,79,0.1,0.5,0.1,1,2,7
178,80,0.1,0.5,0.1,1,2,7
179,82,0.1,0.5,0.1,1,2,7
180,83,0.1,0.5,0.1,1,2,7
181,84,0.1,0.5,0.1,1,2,7
182,85,0.1,0.5,0.1,1,2,7
183,86,0.1,0.5,0.1,1,2,7
184,88,0.1,0.5,0.1,1,2,7
185,89,0.1,0.5,0.1,1,2,7
186,90,0.1,0.5,0.1,1,2,7
187,91,0.1,0.5,0.1,1,2,7
188,92,0.1,0.5,0.1,1,2,7
189,93,0.1,0.5,0.1,1,2,7
190,95,0.1,0.5,0.1,1,2,7
191,96,0.1,0.5,0.1,1,2,7
192,97,0.1,0.5,0.1,1,2,7
193,98,0.1,0.5,0.1,1,2,7
194,99,0.1,0.5,0.1,1,2,7
195,101,0.1,0.5,0.1,1,2,7
196,102,0.1,0.5,0.1,1,2,7
197,103,0.1,0.5,0.1,1,2,7
198,104,0.1,0.5,0.1,1,2,7
199,105,0.1,0.5,0.1,1,2,7
200,106,0.1,0.5,0.1,1,2,7
0,0,0.1,0.1,0.5,1,2,8
1,1,0.1,0.1,0.5,1,2,8
2,2,0.1,0.1,0.5,1,2,8
3,3,0.1,0.1,0.5,1,2,8
4,4,0.1,0.1,0.5,1,2,8
5,5,0.1,0.1,0.5,1,2,8
6,6,0.1,0.1,0.5,1,2,8
7,7,0.1,0.1,0.5,1,2,8
8,8,0.1,0.1,0.5,1,2,8
9,9,0.1,0.1,0.5,1,2,8
10,10,0.1,0.1,0.5,1,2,8
11,11,0.1,0.1,0.5,1,2,8
12,12,0.1,0.1,0.5,1,2,8
13,13,0.1,0.1,0.5,1,2,8
14,14,0.1,0.1,0.5,1,2,8
15,15,0.1,0.1,0.5,1,2,8
16,16,0.1,0.1,0.5,1,2,8
17,17,0.1,0.1,0.5,1,2,8
18,18,0.1,0.1,0.5,1,2,8
19,19,0.1,0.1,0.5,1,2,8
20,20,0.1,0.1,0.5,1,2,8
21,21,0.1,0.1,0.5,1,2,8
22,22,0.1,0.1,0.5,1,2,8
23,23,0.1,0.1,0.5,1,2,8
24,24,0.1,0.1,0.5,1,2,8
25,25,0.1,0.1,0.5,1,2,8
26,26,0.1,0.1,0.5,1,2,8
27,27,0.1,0.1,0.5,1,2,8
28,28,0.1,0.1,0.5,1,2,8
29,29,0.1,0.1,0.5,1,2,8
30,30,0.1,0.1,0.5,1,2,8
31,31,0.1,0.1,0.5,1,2,8
32,32,0.1,0.1,0.5,1,2,8
33,33,0.1,0.1,0.5,1,2,8
34,34,0.1,0.1,0.5,1,2,8
35,35,0.1,0.1,0.5,1,2,8
36,36,0.1,0.1,0.5,1,2,8
37,37,0.1,0.1,0.5,1,2,8
38,38,0.1,0.1,0.5,1,2,8
39,39,0.1,0.1,0.5,1,2,8
40,40,0.1,0.1,0.5,1,2,8
41,41,0.1,0.1,0.5,1,2,8
42,42,0.1,0.1,0.5,1,2,8
43,43,0.1,0.1,0.5,1,2,8
44,43,0.1,0.1,0.5,1,2,8
45,44,0.1,0.1,0.5,1,2,8
46,45,0.1,0.1,0.5,1,2,8
47,45,0.1,0.1,0.5,1,2,8
48,46,0.1,0.1,0.5,1,2,8
49,46,0.1,0.1,0.5,1,2,8
50,47,0.1,0.1,0.5,1,2,8
51,47,0.1,0.1,0.5,1,2,8
52,48,0.1,0.1,0.5,1,2,8
53,49,0.1,0.1,0.5,1,2,8
54,49,0.1,0.1,0.5,1,2,8
55,50,0.1,0.1,0.5,1,2,8
56,50,0.1,0.1,0.5,1,2,8
57,51,0.1,0.1,0.5,1,2,8
58,51,0.1,0.1,0.5,1,2,8
59,52,0.1,0.1,0.5,1,2,8
60,52,0.1,0.1,0.5,1,2,8
61,53,0.1,0.1,0.5,1,2,8
62,54,0.1,0.1,0.5,1,2,8
63,54,0.1,0.1,0.5,1,2,8
64,55,0.1,0.1,0.5,1,2,8
65,55,0.1,0.1,0.5,1,2,8
66,56,0.1,0.1,0.5,1,2,8
67,56,0.1,0.1,0.5,1,2,8
68,57,0.1,0.1,0.5,1,2,8
69,57,0.1,0.1,0.5,1,2,8
70,58,0.1,0.1,0.5,1,2,8
71,58,0.1,0.1,0.5,1,2,8
72,59,0.1,0.1,0.5,1,2,8
73,59,0.1,0.1,0.5,1,2,8
74,60,0.1,0.1,0.5,1,2,8
75,60,0.1,0.1,0.5,1,2,8
76,60,0.1,0.1,0.5,1,2,8
77,61,0.1,0.1,0.5,1,2,8
78,61,0.1,0.1,0.5,1,2,8
79,62,0.1,0.1,0.5,1,2,8
80,62,0.1,0.1,0.5,1,2,8
81,63,0.1,0.1,0.5,1,2,8
82,63,0.1,0.1,0.5,1,2,8
83,63,0.1,0.1,0.5,1,2,8
84,64,0.1,0.1,0.5,1,2,8
85,64,0.1,0.1,0.5,1,2,8
86,64,0.1,0.1,0.5,1,2,8
87,65,0.1,0.1,0.5,1,2,8
88,65,0.1,0.1,0.5,1,2,8
89,65,0.1,0.1,0.5,1,2,8
90,65,0.1,0.1,0.5,1,2,8
91,66,0.1,0.1,0.5,1,2,8
92,66,0.1,0.1,0.5,1,2,8
93,66,0.1,0.1,0.5,1,2,8
94,66,0.1,0.1,0.5,1,2,8
95,66,0.1,0.1,0.5,1,2,8
96,66,0.1,0.1,0.5,1,2,8
97,66,0.1,0.1,0.5,1,2,8
98,66,0.1,0.1,0.5,1,2,8
99,67,0.1,0.1,0.5,1,2,8
100,66,0.1,0.1,0.5,1,2,8
101,66,0.1,0.1,0.5,1,2,8
102,66,0.1,0.1,0.5,1,2,8
103,66,0.1,0.1,0.5,1,2,8
104,66,0.1,0.1,0.5,1,2,8
105,66,0.1,0.1,0.5,1,2,8
106,65,0.1,0.1,0.5,1,2,8
107,65,0.1,0.1,0.5,1,2,8
108,65,0.1,0.1,0.5,1,2,8
109,64,0.1,0.1,0.5,1,2,8
110,63,0.1,0.1,0.5,1,2,8
111,63,0.1,0.1,0.5,1,2,8
112,62,0.1,0.1,0.5,1,2,8
113,61,0.1,0.1,0.5,1,2,8
114,60,0.1,0.1,0.5,1,2,8
115,59,0.1,0.1,0.5,1,2,8
116,57,0.1,0.1,0.5,1,2,8
117,56,0.1,0.1,0.5,1,2,8
118,54,0.1,0.1,0.5,1,2,8
119,52,0.1,0.1,0.5,1,2,8
120,50,0.1,0.1,0.5,1,2,8
121,48,0.1,0.1,0.5,1,2,8
122,45,0.1,0.1,0.5,1,2,8
123,42,0.1,0.1,0.5,1,2,8
124,39,0.1,0.1,0.5,1,2,8
125,35,0.1,0.1,0.5,1,2,8
126,30,0.1,0.1,0.5,1,2,8
127,25,0.1,0.1,0.5,1,2,8
128,20,0.1,0.1,0.5,1,2,8
129,13,0.1,0.1,0.5,1,2,8
130,10,0.1,0.1,0.5,1,2,8
131,11,0.1,0.1,0.5,1,2,8
132,12,0.1,0.1,0.5,1,2,8
133,13,0.1,0.1,0.5,1,2,8
134,14,0.1,0.1,0.5,1,2,8
135,15,0.1,0.1,0.5,1,2,8
136,16,0.1,0.1,0.5,1,2,8
137,17,0.1,0.1,0.5,1,2,8
138,18,0.1,0.1,0.5,1,2,8
139,19,0.1,0.1,0.5,1,2,8
140,20,0.1,0.1,0.5,1,2,8
141,21,0.1,0.1,0.5,1,2,8
142,22,0.1,0.1,0.5,1,2,8
143,23,0.1,0.1,0.5,1,2,8
144,24,0.1,0.1,0.5,1,2,8
145,25,0.1,0.1,0.5,1,2,8
146,26,0.1,0.1,0.5,1,2,8
147,27,0.1,0.1,0.5,1,2,8
148,28,0.1,0.1,0.5,1,2,8
149,29,0.1,0.1,0.5,1,2,8
150,30,0.1,0.1,0.5,1,2,8
151,31,0.1,0.1,0.5,1,2,8
152,32,0.1,0.1,0.5,1,2,8
153,33,0.1,0.1,0.5,1,2,8
154,34,0.1,0.1,0.5,1,2,8
155,35,0.1,0.1,0.5,1,2,8
156,36,0.1,0.1,0.5,1,2,8
157,37,0.1,0.1,0.5,1,2,8
158,38,0.1,0.1,0.5,1,2,8
159,39,0.1,0.1,0.5,1,2,8
160,40,0.1,0.1,0.5,1,2,8
161,41,0.1,0.1,0.5,1,2,8
162,42,0.1,0.1,0.5,1,2,8
163,43,0.1,0.1,0.5,1,2,8
164,44,0.1,0.1,0.5,1,2,8
165,45,0.1,0.1,0.5,1,2,8
166,46,0.1,0.1,0.5,1,2,8
167,47,0.1,0.1,0.5,1,2,8
168,48,0.1,0.1,0.5,1,2,8
169,49,0.1,0.1,0.5,1,2,8
170,50,0.1,0.1,0.5,1,2,8
171,51,0.1,0.1,0.5,1,2,8
172,52,0.1,0.1,0.5,1,2,8
173,53,0.1,0.1,0.5,1,2,8
174,54,0.1,0.1,0.5,1,2,8
175,55,0.1,0.1,0.5,1,2,8
176,56,0.1,0.1,0.5,1,2,8
177,57,0.1,0.1,0.5,1,2,8
178,58,0.1,0.1,0.5,1,2,8
179,59,0.1,0.1,0.5,1,2,8
180,60,0.1,0.1,0.5,1,2,8
181,61,0.1,0.1,0.5,1,2,8
182,62,0.1,0.1,0.5,1,2,8
183,63,0.1,0.1,0.5,1,2,8
184,64,0.1,0.1,0.5,1,2,8
185,65,0.1,0.1,0.5,1,2,8
186,66,0.1,0.1,0.5,1,2,8
187,67,0.1,0.1,0.5,1,2,8
188,68,0.1,0.1,0.5,1,2,8
189,69,0.1,0.1,0.5,1,2,8
190,70,0.1,0.1,0.5,1,2,8
191,71,0.1,0.1,0.5,1,2,8
192,72,0.1,0.1,0.5,1,2,8
193,73,0.1,0.1,0.5,1,2,8
194,74,0.1,0.1,0.5,1,2,8
195,75,0.1,0.1,0.5,1,2,8
196,76,0.1,0.1,0.5,1,2,8
197,77,0.1,0.1,0.5,1,2,8
198,78,0.1,0.1,0.5,1,2,8
199,79,0.1,0.1,0.5,1,2,8
200,80,0.1,0.1,0.5,1,2,8
